name,pdb_id,side1,side2,cluster,sequence,flank1_5prime,flank1_3prime,flank2_5prime,flank2_3prime,side1_all,side2_all,num_bp_ins
CAAG_CUUG_wc,,CAAG,CUUG,15,CUAGGAUAUGGAAUCAAGUCGGGAACGACUUGAUUCCUAAGUCCUAG,C,G,C,G,CCAAGG,CCUUGG,4
CACG_CGUG_wc,,CACG,CGUG,14,CUAGGAUAUGGAAUCACGUCGGGAACGACGUGAUUCCUAAGUCCUAG,C,G,C,G,CCACGG,CCGUGG,4
CAGG_CCUG_wc,,CAGG,CCUG,15,CUAGGAUAUGGAAUCAGGUCGGGAACGACCUGAUUCCUAAGUCCUAG,C,G,C,G,CCAGGG,CCCUGG,4
CAUG_CAUG_wc,,CAUG,CAUG,15,CUAGGAUAUGGAAUCAUGUCGGGAACGACAUGAUUCCUAAGUCCUAG,C,G,C,G,CCAUGG,CCAUGG,4
CCAG_CUGG_wc,,CCAG,CUGG,15,CUAGGAUAUGGAAUCCAGUCGGGAACGACUGGAUUCCUAAGUCCUAG,C,G,C,G,CCCAGG,CCUGGG,4
CCCG_CGGG_wc,,CCCG,CGGG,6,CUAGGAUAUGGAAUCCCGUCGGGAACGACGGGAUUCCUAAGUCCUAG,C,G,C,G,CCCCGG,CCGGGG,4
CCGG_CCGG_wc,,CCGG,CCGG,15,CUAGGAUAUGGAAUCCGGUCGGGAACGACCGGAUUCCUAAGUCCUAG,C,G,C,G,CCCGGG,CCCGGG,4
CCUG_CAGG_wc,,CCUG,CAGG,15,CUAGGAUAUGGAAUCCUGUCGGGAACGACAGGAUUCCUAAGUCCUAG,C,G,C,G,CCCUGG,CCAGGG,4
CGAG_CUCG_wc,,CGAG,CUCG,15,CUAGGAUAUGGAAUCGAGUCGGGAACGACUCGAUUCCUAAGUCCUAG,C,G,C,G,CCGAGG,CCUCGG,4
CGCG_CGCG_wc,,CGCG,CGCG,14,CUAGGAUAUGGAAUCGCGUCGGGAACGACGCGAUUCCUAAGUCCUAG,C,G,C,G,CCGCGG,CCGCGG,4
CGGG_CCCG_wc,,CGGG,CCCG,13,CUAGGAUAUGGAAUCGGGUCGGGAACGACCCGAUUCCUAAGUCCUAG,C,G,C,G,CCGGGG,CCCCGG,4
CGUG_CACG_wc,,CGUG,CACG,14,CUAGGAUAUGGAAUCGUGUCGGGAACGACACGAUUCCUAAGUCCUAG,C,G,C,G,CCGUGG,CCACGG,4
CUAAG_CUUAG_wc,,CUAAG,CUUAG,2,CUAGGAUAUGGAAUCUAAGUCGGGAACGACUUAGAUUCCUAAGUCCUAG,C,G,C,G,CCUAAGG,CCUUAGG,5
CUAG_CUAG_wc,,CUAG,CUAG,15,CUAGGAUAUGGAAUCUAGUCGGGAACGACUAGAUUCCUAAGUCCUAG,C,G,C,G,CCUAGG,CCUAGG,4
CUCAG_CUGAG_wc,,CUCAG,CUGAG,2,CUAGGAUAUGGAAUCUCAGUCGGGAACGACUGAGAUUCCUAAGUCCUAG,C,G,C,G,CCUCAGG,CCUGAGG,5
CUCG_CGAG_wc,,CUCG,CGAG,12,CUAGGAUAUGGAAUCUCGUCGGGAACGACGAGAUUCCUAAGUCCUAG,C,G,C,G,CCUCGG,CCGAGG,4
CUGAG_CUCAG_wc,,CUGAG,CUCAG,2,CUAGGAUAUGGAAUCUGAGUCGGGAACGACUCAGAUUCCUAAGUCCUAG,C,G,C,G,CCUGAGG,CCUCAGG,5
CUGG_CCAG_wc,,CUGG,CCAG,15,CUAGGAUAUGGAAUCUGGUCGGGAACGACCAGAUUCCUAAGUCCUAG,C,G,C,G,CCUGGG,CCCAGG,4
CUUAG_CUAAG_wc,,CUUAG,CUAAG,2,CUAGGAUAUGGAAUCUUAGUCGGGAACGACUAAGAUUCCUAAGUCCUAG,C,G,C,G,CCUUAGG,CCUAAGG,5
CUUG_CAAG_wc,,CUUG,CAAG,15,CUAGGAUAUGGAAUCUUGUCGGGAACGACAAGAUUCCUAAGUCCUAG,C,G,C,G,CCUUGG,CCAAGG,4
GAAC_GUUC_wc,,GAAC,GUUC,14,CUAGGAUAUGGAAUGAACUCGGGAACGAGUUCAUUCCUAAGUCCUAG,G,C,G,C,GGAACC,GGUUCC,4
GACC_GGUC_wc,,GACC,GGUC,13,CUAGGAUAUGGAAUGACCUCGGGAACGAGGUCAUUCCUAAGUCCUAG,G,C,G,C,GGACCC,GGGUCC,4
GAGC_GCUC_wc,,GAGC,GCUC,13,CUAGGAUAUGGAAUGAGCUCGGGAACGAGCUCAUUCCUAAGUCCUAG,G,C,G,C,GGAGCC,GGCUCC,4
GAUC_GAUC_wc,,GAUC,GAUC,13,CUAGGAUAUGGAAUGAUCUCGGGAACGAGAUCAUUCCUAAGUCCUAG,G,C,G,C,GGAUCC,GGAUCC,4
GCAC_GUGC_wc,,GCAC,GUGC,14,CUAGGAUAUGGAAUGCACUCGGGAACGAGUGCAUUCCUAAGUCCUAG,G,C,G,C,GGCACC,GGUGCC,4
GCAGC_GCUGC_wc,,GCAGC,GCUGC,2,CUAGGAUAUGGAAUGCAGCUCGGGAACGAGCUGCAUUCCUAAGUCCUAG,G,C,G,C,GGCAGCC,GGCUGCC,5
GCCC_GGGC_wc,,GCCC,GGGC,13,CUAGGAUAUGGAAUGCCCUCGGGAACGAGGGCAUUCCUAAGUCCUAG,G,C,G,C,GGCCCC,GGGGCC,4
GCCGC_GCGGC_wc,,GCCGC,GCGGC,1,CUAGGAUAUGGAAUGCCGCUCGGGAACGAGCGGCAUUCCUAAGUCCUAG,G,C,G,C,GGCCGCC,GGCGGCC,5
GCGC_GCGC_wc,,GCGC,GCGC,17,CUAGGAUAUGGAAUGCGCUCGGGAACGAGCGCAUUCCUAAGUCCUAG,G,C,G,C,GGCGCC,GGCGCC,4
GCGGC_GCCGC_wc,,GCGGC,GCCGC,2,CUAGGAUAUGGAAUGCGGCUCGGGAACGAGCCGCAUUCCUAAGUCCUAG,G,C,G,C,GGCGGCC,GGCCGCC,5
GCUC_GAGC_wc,,GCUC,GAGC,13,CUAGGAUAUGGAAUGCUCUCGGGAACGAGAGCAUUCCUAAGUCCUAG,G,C,G,C,GGCUCC,GGAGCC,4
GCUGC_GCAGC_wc,,GCUGC,GCAGC,2,CUAGGAUAUGGAAUGCUGCUCGGGAACGAGCAGCAUUCCUAAGUCCUAG,G,C,G,C,GGCUGCC,GGCAGCC,5
GGAC_GUCC_wc,,GGAC,GUCC,14,CUAGGAUAUGGAAUGGACUCGGGAACGAGUCCAUUCCUAAGUCCUAG,G,C,G,C,GGGACC,GGUCCC,4
GGCC_GGCC_wc,,GGCC,GGCC,13,CUAGGAUAUGGAAUGGCCUCGGGAACGAGGCCAUUCCUAAGUCCUAG,G,C,G,C,GGGCCC,GGGCCC,4
GGGC_GCCC_wc,,GGGC,GCCC,13,CUAGGAUAUGGAAUGGGCUCGGGAACGAGCCCAUUCCUAAGUCCUAG,G,C,G,C,GGGGCC,GGCCCC,4
GGUC_GACC_wc,,GGUC,GACC,13,CUAGGAUAUGGAAUGGUCUCGGGAACGAGACCAUUCCUAAGUCCUAG,G,C,G,C,GGGUCC,GGACCC,4
GUAC_GUAC_wc,,GUAC,GUAC,14,CUAGGAUAUGGAAUGUACUCGGGAACGAGUACAUUCCUAAGUCCUAG,G,C,G,C,GGUACC,GGUACC,4
GUCC_GGAC_wc,,GUCC,GGAC,13,CUAGGAUAUGGAAUGUCCUCGGGAACGAGGACAUUCCUAAGUCCUAG,G,C,G,C,GGUCCC,GGGACC,4
GUGC_GCAC_wc,,GUGC,GCAC,14,CUAGGAUAUGGAAUGUGCUCGGGAACGAGCACAUUCCUAAGUCCUAG,G,C,G,C,GGUGCC,GGCACC,4
GUUC_GAAC_wc,,GUUC,GAAC,17,CUAGGAUAUGGAAUGUUCUCGGGAACGAGAACAUUCCUAAGUCCUAG,G,C,G,C,GGUUCC,GGAACC,4
