,pdb_id,side1,side2,cluster,sequence,flank1_5prime,flank1_3prime,flank2_5prime,flank2_3prime,side1_all,side2_all,num_bp_ins
AAAAG_CGCU,TWOWAY.2FQN.2,AAAAG,CGCU,10.0,CUAGGAUAUGGAACAAAAGGCGGGAACGCCGCUGUUCCUAAGUCCUAG,A,G,C,U,AAAAAGG,CCGCUU,4
AAAC_GU,TWOWAY.3MXH.2,AAAC,GU,0.0,CUAGGAUAUGGAAGCAAACGUCGGGAACGACGUGCUUCCUAAGUCCUAG,GA,CU,AG,UU,GAAAACCU,AGGUUU,2
AAAG_CGU,TWOWAY.4K31.2,AAAG,CGU,10.0,CUAGGAUAUGGAACAAAGGUCGGGAACGACCGUGUUCCUAAGUCCUAG,A,GU,AC,U,AAAAGGU,ACCGUU,3
AAA_UUU,TWOWAY.1A34.0,AAA,UUU,14.0,CUAGGAUAUGGAACAAAGUCGGGAACGACUUUGUUCCUAAGUCCUAG,A,AU,AU,U,AAAAAU,AUUUUU,3
AACAAG_CACCU,TWOWAY.3BNO.6,AACAAG,CACCU,1.0,CUAGGAUAUGGACAACAAGGCGGGAACGCCACCUGUCCUAAGUCCUAG,,G,C,,AACAAGG,CCACCU,5
AAC_GUU,TWOWAY.2NZ4.5,AAC,GUU,14.0,CUAGGAUAUGGAACAACGUCGGGAACGACGUUGUUCCUAAGUCCUAG,A,CU,AG,U,AAACCU,AGGUUU,3
AAG_CUAU,TWOWAY.1S72.46,AAG,CUAU,7.0,CUAGGAUAUGGAACAAGGUCGGGAACGACCUAUGUUCCUAAGUCCUAG,A,GU,AC,U,AAAGGU,ACCUAUU,3
AAU_ACU,TWOWAY.1Z7F.1,AAU,ACU,15.0,CUAGGAUAUGGAACAAUGUCGGGAACGACACUGUUCCUAAGUCCUAG,A,UU,AA,U,AAAUUU,AAACUU,3
AAU_AGU,TWOWAY.420D.1,AAU,AGU,14.0,CUAGGAUAUGGAACAAUGUCGGGAACGACAGUGUUCCUAAGUCCUAG,A,UU,AA,U,AAAUUU,AAAGUU,3
