,fseq,fss,cseq,css,dG,eminus,eplus
0,CTAGGAATCTGGAAGTACCGAGGAAACTCGGTACTTCCTGTGTCCTAG,((((((....((((((((((((....))))))))))))....)))))),CUAGGAUAUGGAACGACGCGGGAACGCGCGUUCCUAAGUCCUAG,(((((((..((((((.((((....))))))))))...))))))),-6.4595713431,0.580907805344,0.618511379523
1,CTAGGAATCTGGAAGTACCGAGGAAACTCGGTACTTCCTGTGTCCTAG,((((((....((((((((((((....))))))))))))....)))))),CUAGGAUAUGGACGACGGCGGGAACGCCGCGUCCUAAGUCCUAG,(((((((..(((((.(((((....))))))))))...))))))),-6.81613150502,0.246448203224,0.296761814701
2,CTAGGAATCTGGAAGTACCGAGGAAACTCGGTACTTCCTGTGTCCTAG,((((((....((((((((((((....))))))))))))....)))))),CUAGGAUAUGGAACGCGCGGGAACGCGACGUUCCUAAGUCCUAG,(((((((..((((((((((....)))).))))))...))))))),-6.85931895427,0.276803548957,0.364131988635
3,CTAGGAATCTGGAAGTACCGAGGAAACTCGGTACTTCCTGTGTCCTAG,((((((....((((((((((((....))))))))))))....)))))),CUAGGAUAUGGACCGCGCGGGAACGCGACGGUCCUAAGUCCUAG,(((((((..((((((((((....)))).))))))...))))))),-6.83494170212,0.334526431321,0.527246681972
4,CTAGGAATCTGGAAGTACCGAGGAAACTCGGTACTTCCTGTGTCCTAG,((((((....((((((((((((....))))))))))))....)))))),CUAGGAUAUGGACGACGCUCGGGAACGAGCGCGUCCUAAGUCCUAG,(((((((..(((((.((((((....)))))))))))...))))))),-10.368158527,0.0481047461204,0.0590866316746
5,CTAGGAATCTGGAAGTACCGAGGAAACTCGGTACTTCCTGTGTCCTAG,((((((....((((((((((((....))))))))))))....)))))),CUAGGAUAUGGACGACGGUCGGGAACGACCGCGUCCUAAGUCCUAG,(((((((..(((((.((((((....)))))))))))...))))))),-10.3815594024,0.0851775740041,0.0450656626378
6,CTAGGAATCTGGAAGTACCGAGGAAACTCGGTACTTCCTGTGTCCTAG,((((((....((((((((((((....))))))))))))....)))))),CUAGGAUAUGGACGCGCUCGGGAACGAGCGACGUCCUAAGUCCUAG,(((((((..(((((((((((....)))))).)))))...))))))),-10.8164552742,0.0507839167114,0.0851102161478
7,CTAGGAATCTGGAAGTACCGAGGAAACTCGGTACTTCCTGTGTCCTAG,((((((....((((((((((((....))))))))))))....)))))),CUAGGAUAUGGACCGCGUCGGGAACGACGACGGUCCUAAGUCCUAG,(((((((..(((((((((((....))))).))))))...))))))),-10.7940402195,0.0554640015957,0.0645066482706
8,CTAGGAATCTGGAAGTACCGAGGAAACTCGGTACTTCCTGTGTCCTAG,((((((....((((((((((((....))))))))))))....)))))),CUAGGAUAUGGAACGACGUCGGGAACGACGCGUUCCUAAGUCCUAG,(((((((..((((((.(((((....)))))))))))...))))))),-10.6787613454,0.0869856171452,0.0677449969581
9,CTAGGAATCTGGAAGTACCGAGGAAACTCGGTACTTCCTGTGTCCTAG,((((((....((((((((((((....))))))))))))....)))))),CUAGGAUAUGGAACGACGGCGGGAACGCCGCGUUCCUAAGUCCUAG,(((((((..((((((.(((((....)))))))))))...))))))),-10.981910233,0.0828001874099,0.120515126711
10,CTAGGAATCTGGAAGTACCGAGGAAACTCGGTACTTCCTGTGTCCTAG,((((((....((((((((((((....))))))))))))....)))))),CUAGGAUAUGGAACGCGUCGGGAACGACGACGUUCCUAAGUCCUAG,(((((((..(((((((((((....))))).))))))...))))))),-10.8434691506,0.0527763483634,0.0577142901846
11,CTAGGAATCTGGAAGTACCGAGGAAACTCGGTACTTCCTGTGTCCTAG,((((((....((((((((((((....))))))))))))....)))))),CUAGGAUAUGGAACCGCGCGGGAACGCGACGGUUCCUAAGUCCUAG,(((((((..(((((((((((....)))).)))))))...))))))),-10.6524589536,0.0472198419262,0.0941774595075
12,CTAGGAATCTGGAAGTACCGAGGAAACTCGGTACTTCCTGTGTCCTAG,((((((....((((((((((((....))))))))))))....)))))),CUAGGAUAUGGAAGCGACGCGGGAACGCGCGCUUCCUAAGUCCUAG,(((((((..(((((((.((((....)))))))))))...))))))),-10.8329436,0.113692332424,0.10663142801
13,CTAGGAATCTGGAAGTACCGAGGAAACTCGGTACTTCCTGTGTCCTAG,((((((....((((((((((((....))))))))))))....)))))),CUAGGAUAUGGAAGCGACGGGGGAACCCGCGCUUCCUAAGUCCUAG,(((((((..(((((((.((((....)))))))))))...))))))),-11.0459480272,0.0890906998364,0.0740360104601
14,CTAGGAATCTGGAAGTACCGAGGAAACTCGGTACTTCCTGTGTCCTAG,((((((....((((((((((((....))))))))))))....)))))),CUAGGAUAUGGAAGCGCGCGGGAACGCGACGCUUCCUAAGUCCUAG,(((((((..(((((((((((....)))).)))))))...))))))),-10.7128117287,0.0814451373469,0.0762563655125
15,CTAGGAATCTGGAAGTACCGAGGAAACTCGGTACTTCCTGTGTCCTAG,((((((....((((((((((((....))))))))))))....)))))),CUAGGAUAUGGAAGCCGCGGGGAACCGACGGCUUCCUAAGUCCUAG,(((((((..(((((((((((....))).))))))))...))))))),-10.5871705805,0.139754159993,0.122683378851
16,CTAGGAATCTGGAAGTACCGAGGAAACTCGGTACTTCCTGTGTCCTAG,((((((....((((((((((((....))))))))))))....)))))),CUAGGAUAUGGAACGACGCUCGGGAACGAGCGCGUUCCUAAGUCCUAG,(((((((..((((((.((((((....))))))))))))...))))))),-9.52729433274,0.0871471069799,0.0883969432403
17,CTAGGAATCTGGAAGTACCGAGGAAACTCGGTACTTCCTGTGTCCTAG,((((((....((((((((((((....))))))))))))....)))))),CUAGGAUAUGGACGACGGCUCGGGAACGAGCCGCGUCCUAAGUCCUAG,(((((((..(((((.(((((((....))))))))))))...))))))),-9.09831319214,0.0910051784487,0.11212034473
18,CTAGGAATCTGGAAGTACCGAGGAAACTCGGTACTTCCTGTGTCCTAG,((((((....((((((((((((....))))))))))))....)))))),CUAGGAUAUGGAACGCGCUCGGGAACGAGCGACGUUCCUAAGUCCUAG,(((((((..((((((((((((....)))))).))))))...))))))),-9.76750606542,0.180423421436,0.137330813949
19,CTAGGAATCTGGAAGTACCGAGGAAACTCGGTACTTCCTGTGTCCTAG,((((((....((((((((((((....))))))))))))....)))))),CUAGGAUAUGGACCGCGCUCGGGAACGAGCGACGGUCCUAAGUCCUAG,(((((((..((((((((((((....)))))).))))))...))))))),-10.119418699,0.0715678649107,0.0527802052866
20,CTAGGAATCTGGAAGTACCGAGGAAACTCGGTACTTCCTGTGTCCTAG,((((((....((((((((((((....))))))))))))....)))))),CUAGGAUAUGGAAGCGACGUCGGGAACGACGCGCUUCCUAAGUCCUAG,(((((((..(((((((.(((((....))))))))))))...))))))),-9.60730685473,0.123395098259,0.124364437883
21,CTAGGAATCTGGAAGTACCGAGGAAACTCGGTACTTCCTGTGTCCTAG,((((((....((((((((((((....))))))))))))....)))))),CUAGGAUAUGGAACGACGGUCGGGAACGACCGCGUUCCUAAGUCCUAG,(((((((..((((((.((((((....))))))))))))...))))))),-9.83569256922,0.99528642098,0.27606346375
22,CTAGGAATCTGGAAGTACCGAGGAAACTCGGTACTTCCTGTGTCCTAG,((((((....((((((((((((....))))))))))))....)))))),CUAGGAUAUGGAAGCGCGUCGGGAACGACGACGCUUCCUAAGUCCUAG,(((((((..((((((((((((....))))).)))))))...))))))),-9.68485494044,0.138886864798,0.122346643642
23,CTAGGAATCTGGAAGTACCGAGGAAACTCGGTACTTCCTGTGTCCTAG,((((((....((((((((((((....))))))))))))....)))))),CUAGGAUAUGGAACCGCGUCGGGAACGACGACGGUUCCUAAGUCCUAG,(((((((..((((((((((((....))))).)))))))...))))))),-10.1067359083,0.0530544602799,0.0705342598603
24,CTAGGAATCTGGAAGTACCGAGGAAACTCGGTACTTCCTGTGTCCTAG,((((((....((((((((((((....))))))))))))....)))))),CUAGGAUAUGGAAGACGACGCGGGAACGCGCGUCUUCCUAAGUCCUAG,(((((((..((((((((.((((....))))))))))))...))))))),-9.88672345804,0.0612490462119,0.0727354060101
25,CTAGGAATCTGGAAGTACCGAGGAAACTCGGTACTTCCTGTGTCCTAG,((((((....((((((((((((....))))))))))))....)))))),CUAGGAUAUGGAAGCGACGGCGGGAACGCCGCGCUUCCUAAGUCCUAG,(((((((..(((((((.(((((....))))))))))))...))))))),-9.98486469108,0.148634389488,0.122628826117
26,CTAGGAATCTGGAAGTACCGAGGAAACTCGGTACTTCCTGTGTCCTAG,((((((....((((((((((((....))))))))))))....)))))),CUAGGAUAUGGAAGACGCGCGGGAACGCGACGUCUUCCUAAGUCCUAG,(((((((..((((((((((((....)))).))))))))...))))))),-9.19167660963,0.0935975514659,0.0654289356519
27,CTAGGAATCTGGAAGTACCGAGGAAACTCGGTACTTCCTGTGTCCTAG,((((((....((((((((((((....))))))))))))....)))))),CUAGGAUAUGGAAGCCGCGCGGGAACGCGACGGCUUCCUAAGUCCUAG,(((((((..((((((((((((....)))).))))))))...))))))),-9.56817728082,0.08604285547,0.123288501009
28,CTAGGAATCTGGAAGTACCGAGGAAACTCGGTACTTCCTGTGTCCTAG,((((((....((((((((((((....))))))))))))....)))))),CUAGGAUAUGGAAGCGACGCUCGGGAACGAGCGCGCUUCCUAAGUCCUAG,(((((((..(((((((.((((((....)))))))))))))...))))))),-6.48729611425,0.165908816615,0.282060368499
29,CTAGGAATCTGGAAGTACCGAGGAAACTCGGTACTTCCTGTGTCCTAG,((((((....((((((((((((....))))))))))))....)))))),CUAGGAUAUGGAAGCGACGGUCGGGAACGACCGCGCUUCCUAAGUCCUAG,(((((((..(((((((.((((((....)))))))))))))...))))))),-6.63543333052,0.514487103806,0.327402368835
30,CTAGGAATCTGGAAGTACCGAGGAAACTCGGTACTTCCTGTGTCCTAG,((((((....((((((((((((....))))))))))))....)))))),CUAGGAUAUGGAAGCGCGCUCGGGAACGAGCGACGCUUCCUAAGUCCUAG,(((((((..(((((((((((((....)))))).)))))))...))))))),-6.75684757805,0.394051517091,0.687833349841
31,CTAGGAATCTGGAAGTACCGAGGAAACTCGGTACTTCCTGTGTCCTAG,((((((....((((((((((((....))))))))))))....)))))),CUAGGAUAUGGAAGCCGCGUCGGGAACGACGACGGCUUCCUAAGUCCUAG,(((((((..(((((((((((((....))))).))))))))...))))))),-6.61551356264,0.246707834422,0.455512065795
32,CTAGGAATCTGGAAGTACCGAGGAAACTCGGTACTTCCTGTGTCCTAG,((((((....((((((((((((....))))))))))))....)))))),CUAGGAUAUGGAAGACGACGCUCGGGAACGAGCGCGUCUUCCUAAGUCCUAG,(((((((..((((((((.((((((....))))))))))))))...))))))),-6.59688903453,0.813374980139,0.806685480774
33,CTAGGAATCTGGAAGTACCGAGGAAACTCGGTACTTCCTGTGTCCTAG,((((((....((((((((((((....))))))))))))....)))))),CUAGGAUAUGGAAGCGACGGCUCGGGAACGAGCCGCGCUUCCUAAGUCCUAG,(((((((..(((((((.(((((((....))))))))))))))...))))))),-5.4492590844,2.67663417326,0.24640317254
34,CTAGGAATCTGGAAGTACCGAGGAAACTCGGTACTTCCTGTGTCCTAG,((((((....((((((((((((....))))))))))))....)))))),CUAGGAUAUGGAAGACGCGCUCGGGAACGAGCGACGUCUUCCUAAGUCCUAG,(((((((..((((((((((((((....)))))).))))))))...))))))),-6.11941952812,0.933088105779,0.280287516037
35,CTAGGAATCTGGAAGTACCGAGGAAACTCGGTACTTCCTGTGTCCTAG,((((((....((((((((((((....))))))))))))....)))))),CUAGGAUAUGGAAGCCGCGCUCGGGAACGAGCGACGGCUUCCUAAGUCCUAG,(((((((..((((((((((((((....)))))).))))))))...))))))),-5.20285591325,2.78197315372,1.80380000714e-07
36,CTAGGAATCTGGAAGTACACGAGGAAACTCGTGTACTTCCTGTGTCCTAG,((((((....(((((((((((((....)))))))))))))....)))))),CUAGGAUAUGGAACGACGCGGGAACGCGCGUUCCUAAGUCCUAG,(((((((..((((((.((((....))))))))))...))))))),-6.22960777537,0.78220550365,0.65400817271
37,CTAGGAATCTGGAAGTACACGAGGAAACTCGTGTACTTCCTGTGTCCTAG,((((((....(((((((((((((....)))))))))))))....)))))),CUAGGAUAUGGACGACGGCGGGAACGCCGCGUCCUAAGUCCUAG,(((((((..(((((.(((((....))))))))))...))))))),-6.56035969036,0.56304482062,0.53879339665
38,CTAGGAATCTGGAAGTACACGAGGAAACTCGTGTACTTCCTGTGTCCTAG,((((((....(((((((((((((....)))))))))))))....)))))),CUAGGAUAUGGAACGCGCGGGAACGCGACGUUCCUAAGUCCUAG,(((((((..((((((((((....)))).))))))...))))))),-6.0980272589,0.40184557392,0.59648491675
39,CTAGGAATCTGGAAGTACACGAGGAAACTCGTGTACTTCCTGTGTCCTAG,((((((....(((((((((((((....)))))))))))))....)))))),CUAGGAUAUGGACCGCGCGGGAACGCGACGGUCCUAAGUCCUAG,(((((((..((((((((((....)))).))))))...))))))),-6.29326487435,0.60841164074,0.66970344801
40,CTAGGAATCTGGAAGTACACGAGGAAACTCGTGTACTTCCTGTGTCCTAG,((((((....(((((((((((((....)))))))))))))....)))))),CUAGGAUAUGGACGACGCUCGGGAACGAGCGCGUCCUAAGUCCUAG,(((((((..(((((.((((((....)))))))))))...))))))),-7.89918400475,0.26499242364,0.21242501614
41,CTAGGAATCTGGAAGTACACGAGGAAACTCGTGTACTTCCTGTGTCCTAG,((((((....(((((((((((((....)))))))))))))....)))))),CUAGGAUAUGGACGACGGUCGGGAACGACCGCGUCCUAAGUCCUAG,(((((((..(((((.((((((....)))))))))))...))))))),-7.94093221349,0.32974350089,0.26161999875
42,CTAGGAATCTGGAAGTACACGAGGAAACTCGTGTACTTCCTGTGTCCTAG,((((((....(((((((((((((....)))))))))))))....)))))),CUAGGAUAUGGACGCGCUCGGGAACGAGCGACGUCCUAAGUCCUAG,(((((((..(((((((((((....)))))).)))))...))))))),-8.20217732385,0.2450176181,0.21746089742
43,CTAGGAATCTGGAAGTACACGAGGAAACTCGTGTACTTCCTGTGTCCTAG,((((((....(((((((((((((....)))))))))))))....)))))),CUAGGAUAUGGACCGCGUCGGGAACGACGACGGUCCUAAGUCCUAG,(((((((..(((((((((((....))))).))))))...))))))),-8.23294795716,0.27878474275,0.30175989521
44,CTAGGAATCTGGAAGTACACGAGGAAACTCGTGTACTTCCTGTGTCCTAG,((((((....(((((((((((((....)))))))))))))....)))))),CUAGGAUAUGGAACGACGUCGGGAACGACGCGUUCCUAAGUCCUAG,(((((((..((((((.(((((....)))))))))))...))))))),-8.2027871018,0.17886893626,0.21194367617
45,CTAGGAATCTGGAAGTACACGAGGAAACTCGTGTACTTCCTGTGTCCTAG,((((((....(((((((((((((....)))))))))))))....)))))),CUAGGAUAUGGAACGACGGCGGGAACGCCGCGUUCCUAAGUCCUAG,(((((((..((((((.(((((....)))))))))))...))))))),-8.21669974223,0.21139356394,0.24990662279
46,CTAGGAATCTGGAAGTACACGAGGAAACTCGTGTACTTCCTGTGTCCTAG,((((((....(((((((((((((....)))))))))))))....)))))),CUAGGAUAUGGAACGCGUCGGGAACGACGACGUUCCUAAGUCCUAG,(((((((..(((((((((((....))))).))))))...))))))),-7.76616645027,0.63229925616,0.35917176866
47,CTAGGAATCTGGAAGTACACGAGGAAACTCGTGTACTTCCTGTGTCCTAG,((((((....(((((((((((((....)))))))))))))....)))))),CUAGGAUAUGGAACCGCGCGGGAACGCGACGGUUCCUAAGUCCUAG,(((((((..(((((((((((....)))).)))))))...))))))),-8.06449271347,0.21896945411,0.23010219401
48,CTAGGAATCTGGAAGTACACGAGGAAACTCGTGTACTTCCTGTGTCCTAG,((((((....(((((((((((((....)))))))))))))....)))))),CUAGGAUAUGGAAGCGACGCGGGAACGCGCGCUUCCUAAGUCCUAG,(((((((..(((((((.((((....)))))))))))...))))))),-8.2604316794,0.26064606978,0.31977350055
49,CTAGGAATCTGGAAGTACACGAGGAAACTCGTGTACTTCCTGTGTCCTAG,((((((....(((((((((((((....)))))))))))))....)))))),CUAGGAUAUGGAAGCGACGGGGGAACCCGCGCUUCCUAAGUCCUAG,(((((((..(((((((.((((....)))))))))))...))))))),-8.61757890682,0.27984454211,0.40903120839
50,CTAGGAATCTGGAAGTACACGAGGAAACTCGTGTACTTCCTGTGTCCTAG,((((((....(((((((((((((....)))))))))))))....)))))),CUAGGAUAUGGAAGCGCGCGGGAACGCGACGCUUCCUAAGUCCUAG,(((((((..(((((((((((....)))).)))))))...))))))),-8.15619934054,0.2066171973,0.18606407783
51,CTAGGAATCTGGAAGTACACGAGGAAACTCGTGTACTTCCTGTGTCCTAG,((((((....(((((((((((((....)))))))))))))....)))))),CUAGGAUAUGGAAGCCGCGGGGAACCGACGGCUUCCUAAGUCCUAG,(((((((..(((((((((((....))).))))))))...))))))),-7.93570955662,0.26727945607,0.27908014326
52,CTAGGAATCTGGAAGTACACGAGGAAACTCGTGTACTTCCTGTGTCCTAG,((((((....(((((((((((((....)))))))))))))....)))))),CUAGGAUAUGGAACGACGCUCGGGAACGAGCGCGUUCCUAAGUCCUAG,(((((((..((((((.((((((....))))))))))))...))))))),-7.35048426323,0.30443062655,0.36732436373
53,CTAGGAATCTGGAAGTACACGAGGAAACTCGTGTACTTCCTGTGTCCTAG,((((((....(((((((((((((....)))))))))))))....)))))),CUAGGAUAUGGACGACGGCUCGGGAACGAGCCGCGUCCUAAGUCCUAG,(((((((..(((((.(((((((....))))))))))))...))))))),-6.70004940907,1.05643770331,0.69916992303
54,CTAGGAATCTGGAAGTACACGAGGAAACTCGTGTACTTCCTGTGTCCTAG,((((((....(((((((((((((....)))))))))))))....)))))),CUAGGAUAUGGAACGCGCUCGGGAACGAGCGACGUUCCUAAGUCCUAG,(((((((..((((((((((((....)))))).))))))...))))))),-7.94190468562,0.4690579687,0.32943405264
55,CTAGGAATCTGGAAGTACACGAGGAAACTCGTGTACTTCCTGTGTCCTAG,((((((....(((((((((((((....)))))))))))))....)))))),CUAGGAUAUGGACCGCGCUCGGGAACGAGCGACGGUCCUAAGUCCUAG,(((((((..((((((((((((....)))))).))))))...))))))),-7.85617776827,0.44933846839,0.50396008199
56,CTAGGAATCTGGAAGTACACGAGGAAACTCGTGTACTTCCTGTGTCCTAG,((((((....(((((((((((((....)))))))))))))....)))))),CUAGGAUAUGGAAGCGACGUCGGGAACGACGCGCUUCCUAAGUCCUAG,(((((((..(((((((.(((((....))))))))))))...))))))),-7.24813064689,0.34627659396,0.28459717567
57,CTAGGAATCTGGAAGTACACGAGGAAACTCGTGTACTTCCTGTGTCCTAG,((((((....(((((((((((((....)))))))))))))....)))))),CUAGGAUAUGGAACGACGGUCGGGAACGACCGCGUUCCUAAGUCCUAG,(((((((..((((((.((((((....))))))))))))...))))))),-7.60196369295,1.46724801476,0.82147963853
58,CTAGGAATCTGGAAGTACACGAGGAAACTCGTGTACTTCCTGTGTCCTAG,((((((....(((((((((((((....)))))))))))))....)))))),CUAGGAUAUGGAAGCGCGUCGGGAACGACGACGCUUCCUAAGUCCUAG,(((((((..((((((((((((....))))).)))))))...))))))),-7.57361961065,0.49892339747,0.43521671493
59,CTAGGAATCTGGAAGTACACGAGGAAACTCGTGTACTTCCTGTGTCCTAG,((((((....(((((((((((((....)))))))))))))....)))))),CUAGGAUAUGGAACCGCGUCGGGAACGACGACGGUUCCUAAGUCCUAG,(((((((..((((((((((((....))))).)))))))...))))))),-7.88268313461,0.5029412773,0.41767897966
60,CTAGGAATCTGGAAGTACACGAGGAAACTCGTGTACTTCCTGTGTCCTAG,((((((....(((((((((((((....)))))))))))))....)))))),CUAGGAUAUGGAAGACGACGCGGGAACGCGCGUCUUCCUAAGUCCUAG,(((((((..((((((((.((((....))))))))))))...))))))),-7.64994415689,0.4429231825,0.39454881991
61,CTAGGAATCTGGAAGTACACGAGGAAACTCGTGTACTTCCTGTGTCCTAG,((((((....(((((((((((((....)))))))))))))....)))))),CUAGGAUAUGGAAGCGACGGCGGGAACGCCGCGCUUCCUAAGUCCUAG,(((((((..(((((((.(((((....))))))))))))...))))))),-8.01965140573,0.30205707981,0.21985029808
62,CTAGGAATCTGGAAGTACACGAGGAAACTCGTGTACTTCCTGTGTCCTAG,((((((....(((((((((((((....)))))))))))))....)))))),CUAGGAUAUGGAAGACGCGCGGGAACGCGACGUCUUCCUAAGUCCUAG,(((((((..((((((((((((....)))).))))))))...))))))),-6.94182984713,0.35266733495,0.51158367125
63,CTAGGAATCTGGAAGTACACGAGGAAACTCGTGTACTTCCTGTGTCCTAG,((((((....(((((((((((((....)))))))))))))....)))))),CUAGGAUAUGGAAGCCGCGCGGGAACGCGACGGCUUCCUAAGUCCUAG,(((((((..((((((((((((....)))).))))))))...))))))),-7.4635566632,0.42905854094,0.48930092706
64,CTAGGAATCTGGAAGTACACGAGGAAACTCGTGTACTTCCTGTGTCCTAG,((((((....(((((((((((((....)))))))))))))....)))))),CUAGGAUAUGGAAGCGACGCUCGGGAACGAGCGCGCUUCCUAAGUCCUAG,(((((((..(((((((.((((((....)))))))))))))...))))))),-6.63930067584,0.87881431283,0.66826117542
65,CTAGGAATCTGGAAGTACACGAGGAAACTCGTGTACTTCCTGTGTCCTAG,((((((....(((((((((((((....)))))))))))))....)))))),CUAGGAUAUGGAAGCGACGGUCGGGAACGACCGCGCUUCCUAAGUCCUAG,(((((((..(((((((.((((((....)))))))))))))...))))))),-6.34097715406,0.32963621426,0.47609181318
66,CTAGGAATCTGGAAGTACACGAGGAAACTCGTGTACTTCCTGTGTCCTAG,((((((....(((((((((((((....)))))))))))))....)))))),CUAGGAUAUGGAAGCGCGCUCGGGAACGAGCGACGCUUCCUAAGUCCUAG,(((((((..(((((((((((((....)))))).)))))))...))))))),-5.94317421673,0.73808895958,0.98031848386
67,CTAGGAATCTGGAAGTACACGAGGAAACTCGTGTACTTCCTGTGTCCTAG,((((((....(((((((((((((....)))))))))))))....)))))),CUAGGAUAUGGAAGCCGCGUCGGGAACGACGACGGCUUCCUAAGUCCUAG,(((((((..(((((((((((((....))))).))))))))...))))))),-5.88812862898,0.80016184317,0.92527183396
68,CTAGGAATCTGGAAGTACACGAGGAAACTCGTGTACTTCCTGTGTCCTAG,((((((....(((((((((((((....)))))))))))))....)))))),CUAGGAUAUGGAAGACGACGCUCGGGAACGAGCGCGUCUUCCUAAGUCCUAG,(((((((..((((((((.((((((....))))))))))))))...))))))),-6.75266117036,0.43988296509,0.28403760932
71,CTAGGAATCTGGTCGTTCTCAGGAAACTGAGAACGACCTGTGTCCTAG,((((((....((((((((((((....))))))))))))....)))))),CUAGGAUAUGGAACGACGCGGGAACGCGCGUUCCUAAGUCCUAG,(((((((..((((((.((((....))))))))))...))))))),-6.24796456272,0.68562380226,0.64571626505
72,CTAGGAATCTGGTCGTTCTCAGGAAACTGAGAACGACCTGTGTCCTAG,((((((....((((((((((((....))))))))))))....)))))),CUAGGAUAUGGACGACGGCGGGAACGCCGCGUCCUAAGUCCUAG,(((((((..(((((.(((((....))))))))))...))))))),-6.7213939176,0.37633329692,0.41603970546
73,CTAGGAATCTGGTCGTTCTCAGGAAACTGAGAACGACCTGTGTCCTAG,((((((....((((((((((((....))))))))))))....)))))),CUAGGAUAUGGAACGCGCGGGAACGCGACGUUCCUAAGUCCUAG,(((((((..((((((((((....)))).))))))...))))))),-6.43874593661,0.40166258266,0.45805489277
74,CTAGGAATCTGGTCGTTCTCAGGAAACTGAGAACGACCTGTGTCCTAG,((((((....((((((((((((....))))))))))))....)))))),CUAGGAUAUGGACCGCGCGGGAACGCGACGGUCCUAAGUCCUAG,(((((((..((((((((((....)))).))))))...))))))),-6.76428876204,0.19473491365,0.16985355121
75,CTAGGAATCTGGTCGTTCTCAGGAAACTGAGAACGACCTGTGTCCTAG,((((((....((((((((((((....))))))))))))....)))))),CUAGGAUAUGGACGACGCUCGGGAACGAGCGCGUCCUAAGUCCUAG,(((((((..(((((.((((((....)))))))))))...))))))),-10.692070845,0.0775763165,0.0585672894
76,CTAGGAATCTGGTCGTTCTCAGGAAACTGAGAACGACCTGTGTCCTAG,((((((....((((((((((((....))))))))))))....)))))),CUAGGAUAUGGACGACGGUCGGGAACGACCGCGUCCUAAGUCCUAG,(((((((..(((((.((((((....)))))))))))...))))))),-10.7837627969,0.0587993708,0.07326979
77,CTAGGAATCTGGTCGTTCTCAGGAAACTGAGAACGACCTGTGTCCTAG,((((((....((((((((((((....))))))))))))....)))))),CUAGGAUAUGGACGCGCUCGGGAACGAGCGACGUCCUAAGUCCUAG,(((((((..(((((((((((....)))))).)))))...))))))),-11.1587793507,0.0543473169,0.0613602941
78,CTAGGAATCTGGTCGTTCTCAGGAAACTGAGAACGACCTGTGTCCTAG,((((((....((((((((((((....))))))))))))....)))))),CUAGGAUAUGGACCGCGUCGGGAACGACGACGGUCCUAAGUCCUAG,(((((((..(((((((((((....))))).))))))...))))))),-11.1735557278,0.0726074029,0.0714784065
79,CTAGGAATCTGGTCGTTCTCAGGAAACTGAGAACGACCTGTGTCCTAG,((((((....((((((((((((....))))))))))))....)))))),CUAGGAUAUGGAACGACGUCGGGAACGACGCGUUCCUAAGUCCUAG,(((((((..((((((.(((((....)))))))))))...))))))),-11.1390961793,0.1059147817,0.151645845
80,CTAGGAATCTGGTCGTTCTCAGGAAACTGAGAACGACCTGTGTCCTAG,((((((....((((((((((((....))))))))))))....)))))),CUAGGAUAUGGAACGACGGCGGGAACGCCGCGUUCCUAAGUCCUAG,(((((((..((((((.(((((....)))))))))))...))))))),-11.1852888027,0.1411083475,0.1069962774
81,CTAGGAATCTGGTCGTTCTCAGGAAACTGAGAACGACCTGTGTCCTAG,((((((....((((((((((((....))))))))))))....)))))),CUAGGAUAUGGAACGCGUCGGGAACGACGACGUUCCUAAGUCCUAG,(((((((..(((((((((((....))))).))))))...))))))),-11.240569643,0.1023280251,0.0569291484
82,CTAGGAATCTGGTCGTTCTCAGGAAACTGAGAACGACCTGTGTCCTAG,((((((....((((((((((((....))))))))))))....)))))),CUAGGAUAUGGAACCGCGCGGGAACGCGACGGUUCCUAAGUCCUAG,(((((((..(((((((((((....)))).)))))))...))))))),-11.1280979092,0.1337334347,0.117478341
83,CTAGGAATCTGGTCGTTCTCAGGAAACTGAGAACGACCTGTGTCCTAG,((((((....((((((((((((....))))))))))))....)))))),CUAGGAUAUGGAAGCGACGCGGGAACGCGCGCUUCCUAAGUCCUAG,(((((((..(((((((.((((....)))))))))))...))))))),-11.2330974376,0.090675922,0.0873814114
84,CTAGGAATCTGGTCGTTCTCAGGAAACTGAGAACGACCTGTGTCCTAG,((((((....((((((((((((....))))))))))))....)))))),CUAGGAUAUGGAAGCGACGGGGGAACCCGCGCUUCCUAAGUCCUAG,(((((((..(((((((.((((....)))))))))))...))))))),-11.3690315085,0.1857163853,0.0571796361
85,CTAGGAATCTGGTCGTTCTCAGGAAACTGAGAACGACCTGTGTCCTAG,((((((....((((((((((((....))))))))))))....)))))),CUAGGAUAUGGAAGCGCGCGGGAACGCGACGCUUCCUAAGUCCUAG,(((((((..(((((((((((....)))).)))))))...))))))),-11.0603624398,0.0623682357,0.0584701224
86,CTAGGAATCTGGTCGTTCTCAGGAAACTGAGAACGACCTGTGTCCTAG,((((((....((((((((((((....))))))))))))....)))))),CUAGGAUAUGGAAGCCGCGGGGAACCGACGGCUUCCUAAGUCCUAG,(((((((..(((((((((((....))).))))))))...))))))),-10.9484884952,0.0742366974,0.1015436762
87,CTAGGAATCTGGTCGTTCTCAGGAAACTGAGAACGACCTGTGTCCTAG,((((((....((((((((((((....))))))))))))....)))))),CUAGGAUAUGGAACGACGCUCGGGAACGAGCGCGUUCCUAAGUCCUAG,(((((((..((((((.((((((....))))))))))))...))))))),-9.81676706554,0.08359518543,0.07794295241
88,CTAGGAATCTGGTCGTTCTCAGGAAACTGAGAACGACCTGTGTCCTAG,((((((....((((((((((((....))))))))))))....)))))),CUAGGAUAUGGACGACGGCUCGGGAACGAGCCGCGUCCUAAGUCCUAG,(((((((..(((((.(((((((....))))))))))))...))))))),-9.28750615085,0.11056782743,0.09975972607
89,CTAGGAATCTGGTCGTTCTCAGGAAACTGAGAACGACCTGTGTCCTAG,((((((....((((((((((((....))))))))))))....)))))),CUAGGAUAUGGAACGCGCUCGGGAACGAGCGACGUUCCUAAGUCCUAG,(((((((..((((((((((((....)))))).))))))...))))))),-10.2225649273,0.1328458286,0.1259176592
90,CTAGGAATCTGGTCGTTCTCAGGAAACTGAGAACGACCTGTGTCCTAG,((((((....((((((((((((....))))))))))))....)))))),CUAGGAUAUGGACCGCGCUCGGGAACGAGCGACGGUCCUAAGUCCUAG,(((((((..((((((((((((....)))))).))))))...))))))),-10.5090545251,0.1429115626,0.0775331156
91,CTAGGAATCTGGTCGTTCTCAGGAAACTGAGAACGACCTGTGTCCTAG,((((((....((((((((((((....))))))))))))....)))))),CUAGGAUAUGGAAGCGACGUCGGGAACGACGCGCUUCCUAAGUCCUAG,(((((((..(((((((.(((((....))))))))))))...))))))),-10.0214061031,0.0798178362,0.0876025517
92,CTAGGAATCTGGTCGTTCTCAGGAAACTGAGAACGACCTGTGTCCTAG,((((((....((((((((((((....))))))))))))....)))))),CUAGGAUAUGGAACGACGGUCGGGAACGACCGCGUUCCUAAGUCCUAG,(((((((..((((((.((((((....))))))))))))...))))))),-10.233285818,0.135135987,0.1421244591
93,CTAGGAATCTGGTCGTTCTCAGGAAACTGAGAACGACCTGTGTCCTAG,((((((....((((((((((((....))))))))))))....)))))),CUAGGAUAUGGAAGCGCGUCGGGAACGACGACGCUUCCUAAGUCCUAG,(((((((..((((((((((((....))))).)))))))...))))))),-10.0408446487,0.1153001243,0.08175198356
94,CTAGGAATCTGGTCGTTCTCAGGAAACTGAGAACGACCTGTGTCCTAG,((((((....((((((((((((....))))))))))))....)))))),CUAGGAUAUGGAACCGCGUCGGGAACGACGACGGUUCCUAAGUCCUAG,(((((((..((((((((((((....))))).)))))))...))))))),-10.3697766061,0.1167379978,0.0809818671
95,CTAGGAATCTGGTCGTTCTCAGGAAACTGAGAACGACCTGTGTCCTAG,((((((....((((((((((((....))))))))))))....)))))),CUAGGAUAUGGAAGACGACGCGGGAACGCGCGUCUUCCUAAGUCCUAG,(((((((..((((((((.((((....))))))))))))...))))))),-10.2280110598,0.0953426311,0.0634863107
96,CTAGGAATCTGGTCGTTCTCAGGAAACTGAGAACGACCTGTGTCCTAG,((((((....((((((((((((....))))))))))))....)))))),CUAGGAUAUGGAAGCGACGGCGGGAACGCCGCGCUUCCUAAGUCCUAG,(((((((..(((((((.(((((....))))))))))))...))))))),-10.2503223314,0.0866380515,0.0954276538
97,CTAGGAATCTGGTCGTTCTCAGGAAACTGAGAACGACCTGTGTCCTAG,((((((....((((((((((((....))))))))))))....)))))),CUAGGAUAUGGAAGACGCGCGGGAACGCGACGUCUUCCUAAGUCCUAG,(((((((..((((((((((((....)))).))))))))...))))))),-9.4588709506,0.14537838574,0.11489770197
98,CTAGGAATCTGGTCGTTCTCAGGAAACTGAGAACGACCTGTGTCCTAG,((((((....((((((((((((....))))))))))))....)))))),CUAGGAUAUGGAAGCCGCGCGGGAACGCGACGGCUUCCUAAGUCCUAG,(((((((..((((((((((((....)))).))))))))...))))))),-9.96917574657,0.16935934093,0.32646706947
99,CTAGGAATCTGGTCGTTCTCAGGAAACTGAGAACGACCTGTGTCCTAG,((((((....((((((((((((....))))))))))))....)))))),CUAGGAUAUGGAAGCGACGCUCGGGAACGAGCGCGCUUCCUAAGUCCUAG,(((((((..(((((((.((((((....)))))))))))))...))))))),-7.26812964568,0.63343891752,0.34164112292
100,CTAGGAATCTGGTCGTTCTCAGGAAACTGAGAACGACCTGTGTCCTAG,((((((....((((((((((((....))))))))))))....)))))),CUAGGAUAUGGAAGCGACGGUCGGGAACGACCGCGCUUCCUAAGUCCUAG,(((((((..(((((((.((((((....)))))))))))))...))))))),-7.40689478768,0.38432926711,0.29211657023
101,CTAGGAATCTGGTCGTTCTCAGGAAACTGAGAACGACCTGTGTCCTAG,((((((....((((((((((((....))))))))))))....)))))),CUAGGAUAUGGAAGCGCGCUCGGGAACGAGCGACGCUUCCUAAGUCCUAG,(((((((..(((((((((((((....)))))).)))))))...))))))),-7.3050113071,0.22007100145,0.34619682221
102,CTAGGAATCTGGTCGTTCTCAGGAAACTGAGAACGACCTGTGTCCTAG,((((((....((((((((((((....))))))))))))....)))))),CUAGGAUAUGGAAGCCGCGUCGGGAACGACGACGGCUUCCUAAGUCCUAG,(((((((..(((((((((((((....))))).))))))))...))))))),-7.26537355982,0.42364359586,0.26770414519
103,CTAGGAATCTGGTCGTTCTCAGGAAACTGAGAACGACCTGTGTCCTAG,((((((....((((((((((((....))))))))))))....)))))),CUAGGAUAUGGAAGACGACGCUCGGGAACGAGCGCGUCUUCCUAAGUCCUAG,(((((((..((((((((.((((((....))))))))))))))...))))))),-5.60224835017,1.24663860747,2.65319999748e-07
105,CTAGGAATCTGGTCGTTCTCAGGAAACTGAGAACGACCTGTGTCCTAG,((((((....((((((((((((....))))))))))))....)))))),CUAGGAUAUGGAAGACGCGCUCGGGAACGAGCGACGUCUUCCUAAGUCCUAG,(((((((..((((((((((((((....)))))).))))))))...))))))),-5.60224812527,1.93616133822,4.04199989035e-08
106,CTAGGAATCTGGTCGTTCTCAGGAAACTGAGAACGACCTGTGTCCTAG,((((((....((((((((((((....))))))))))))....)))))),CUAGGAUAUGGAAGCCGCGCUCGGGAACGAGCGACGGCUUCCUAAGUCCUAG,(((((((..((((((((((((((....)))))).))))))))...))))))),-6.6446524496,0.28843388462,0.44668496978
107,CTAGGAATCTGGCCCATAGAAGGAAACTTCTATGGGCCTGTGTCCTAG,((((((....((((((((((((....))))))))))))....)))))),CUAGGAUAUGGAACGACGCGGGAACGCGCGUUCCUAAGUCCUAG,(((((((..((((((.((((....))))))))))...))))))),-7.34787520451,0.27530292309,0.17547182378
108,CTAGGAATCTGGCCCATAGAAGGAAACTTCTATGGGCCTGTGTCCTAG,((((((....((((((((((((....))))))))))))....)))))),CUAGGAUAUGGACGACGGCGGGAACGCCGCGUCCUAAGUCCUAG,(((((((..(((((.(((((....))))))))))...))))))),-7.66271702712,0.37415434298,0.29281070837
109,CTAGGAATCTGGCCCATAGAAGGAAACTTCTATGGGCCTGTGTCCTAG,((((((....((((((((((((....))))))))))))....)))))),CUAGGAUAUGGAACGCGCGGGAACGCGACGUUCCUAAGUCCUAG,(((((((..((((((((((....)))).))))))...))))))),-7.65300461785,0.19194957657,0.20460450837
110,CTAGGAATCTGGCCCATAGAAGGAAACTTCTATGGGCCTGTGTCCTAG,((((((....((((((((((((....))))))))))))....)))))),CUAGGAUAUGGACCGCGCGGGAACGCGACGGUCCUAAGUCCUAG,(((((((..((((((((((....)))).))))))...))))))),-7.27784327492,0.2133349221,0.17260767025
111,CTAGGAATCTGGCCCATAGAAGGAAACTTCTATGGGCCTGTGTCCTAG,((((((....((((((((((((....))))))))))))....)))))),CUAGGAUAUGGACGACGCUCGGGAACGAGCGCGUCCUAAGUCCUAG,(((((((..(((((.((((((....)))))))))))...))))))),-11.4067236467,0.1120467935,0.1470190524
112,CTAGGAATCTGGCCCATAGAAGGAAACTTCTATGGGCCTGTGTCCTAG,((((((....((((((((((((....))))))))))))....)))))),CUAGGAUAUGGACGACGGUCGGGAACGACCGCGUCCUAAGUCCUAG,(((((((..(((((.((((((....)))))))))))...))))))),-11.5407706471,0.0631021063,0.0649425129
113,CTAGGAATCTGGCCCATAGAAGGAAACTTCTATGGGCCTGTGTCCTAG,((((((....((((((((((((....))))))))))))....)))))),CUAGGAUAUGGACGCGCUCGGGAACGAGCGACGUCCUAAGUCCUAG,(((((((..(((((((((((....)))))).)))))...))))))),-11.7583532961,0.0543018122,0.0740686845
114,CTAGGAATCTGGCCCATAGAAGGAAACTTCTATGGGCCTGTGTCCTAG,((((((....((((((((((((....))))))))))))....)))))),CUAGGAUAUGGACCGCGUCGGGAACGACGACGGUCCUAAGUCCUAG,(((((((..(((((((((((....))))).))))))...))))))),-11.7056744546,0.1129548143,0.1180812722
115,CTAGGAATCTGGCCCATAGAAGGAAACTTCTATGGGCCTGTGTCCTAG,((((((....((((((((((((....))))))))))))....)))))),CUAGGAUAUGGAACGACGUCGGGAACGACGCGUUCCUAAGUCCUAG,(((((((..((((((.(((((....)))))))))))...))))))),-11.7742130552,0.1083749281,0.1324545742
116,CTAGGAATCTGGCCCATAGAAGGAAACTTCTATGGGCCTGTGTCCTAG,((((((....((((((((((((....))))))))))))....)))))),CUAGGAUAUGGAACGACGGCGGGAACGCCGCGUUCCUAAGUCCUAG,(((((((..((((((.(((((....)))))))))))...))))))),-11.934519046,0.1534406575,0.2047602999
117,CTAGGAATCTGGCCCATAGAAGGAAACTTCTATGGGCCTGTGTCCTAG,((((((....((((((((((((....))))))))))))....)))))),CUAGGAUAUGGAACGCGUCGGGAACGACGACGUUCCUAAGUCCUAG,(((((((..(((((((((((....))))).))))))...))))))),-11.838039279,0.1023158024,0.1245460769
118,CTAGGAATCTGGCCCATAGAAGGAAACTTCTATGGGCCTGTGTCCTAG,((((((....((((((((((((....))))))))))))....)))))),CUAGGAUAUGGAACCGCGCGGGAACGCGACGGUUCCUAAGUCCUAG,(((((((..(((((((((((....)))).)))))))...))))))),-11.5794939436,0.1052095903,0.1814920081
119,CTAGGAATCTGGCCCATAGAAGGAAACTTCTATGGGCCTGTGTCCTAG,((((((....((((((((((((....))))))))))))....)))))),CUAGGAUAUGGAAGCGACGCGGGAACGCGCGCUUCCUAAGUCCUAG,(((((((..(((((((.((((....)))))))))))...))))))),-11.8066111478,0.1114357789,0.1149742962
120,CTAGGAATCTGGCCCATAGAAGGAAACTTCTATGGGCCTGTGTCCTAG,((((((....((((((((((((....))))))))))))....)))))),CUAGGAUAUGGAAGCGACGGGGGAACCCGCGCUUCCUAAGUCCUAG,(((((((..(((((((.((((....)))))))))))...))))))),-11.9347077976,0.1138104157,0.087217575
121,CTAGGAATCTGGCCCATAGAAGGAAACTTCTATGGGCCTGTGTCCTAG,((((((....((((((((((((....))))))))))))....)))))),CUAGGAUAUGGAAGCGCGCGGGAACGCGACGCUUCCUAAGUCCUAG,(((((((..(((((((((((....)))).)))))))...))))))),-11.5976717364,0.0605576077,0.0500619913
122,CTAGGAATCTGGCCCATAGAAGGAAACTTCTATGGGCCTGTGTCCTAG,((((((....((((((((((((....))))))))))))....)))))),CUAGGAUAUGGAAGCCGCGGGGAACCGACGGCUUCCUAAGUCCUAG,(((((((..(((((((((((....))).))))))))...))))))),-11.4304573048,0.0692774145,0.0575724212
123,CTAGGAATCTGGCCCATAGAAGGAAACTTCTATGGGCCTGTGTCCTAG,((((((....((((((((((((....))))))))))))....)))))),CUAGGAUAUGGAACGACGCUCGGGAACGAGCGCGUUCCUAAGUCCUAG,(((((((..((((((.((((((....))))))))))))...))))))),-10.1959984848,0.0780593637,0.0496190023
124,CTAGGAATCTGGCCCATAGAAGGAAACTTCTATGGGCCTGTGTCCTAG,((((((....((((((((((((....))))))))))))....)))))),CUAGGAUAUGGACGACGGCUCGGGAACGAGCCGCGUCCUAAGUCCUAG,(((((((..(((((.(((((((....))))))))))))...))))))),-9.74758435072,0.08144262523,0.08076924884
125,CTAGGAATCTGGCCCATAGAAGGAAACTTCTATGGGCCTGTGTCCTAG,((((((....((((((((((((....))))))))))))....)))))),CUAGGAUAUGGAACGCGCUCGGGAACGAGCGACGUUCCUAAGUCCUAG,(((((((..((((((((((((....)))))).))))))...))))))),-10.3990999721,0.0686379077,0.1417430307
126,CTAGGAATCTGGCCCATAGAAGGAAACTTCTATGGGCCTGTGTCCTAG,((((((....((((((((((((....))))))))))))....)))))),CUAGGAUAUGGACCGCGCUCGGGAACGAGCGACGGUCCUAAGUCCUAG,(((((((..((((((((((((....)))))).))))))...))))))),-10.6789352808,0.0799942557,0.0623672564
127,CTAGGAATCTGGCCCATAGAAGGAAACTTCTATGGGCCTGTGTCCTAG,((((((....((((((((((((....))))))))))))....)))))),CUAGGAUAUGGAAGCGACGUCGGGAACGACGCGCUUCCUAAGUCCUAG,(((((((..(((((((.(((((....))))))))))))...))))))),-10.3111592478,0.1133408609,0.0819208141
128,CTAGGAATCTGGCCCATAGAAGGAAACTTCTATGGGCCTGTGTCCTAG,((((((....((((((((((((....))))))))))))....)))))),CUAGGAUAUGGAACGACGGUCGGGAACGACCGCGUUCCUAAGUCCUAG,(((((((..((((((.((((((....))))))))))))...))))))),-10.3910780591,0.3345423159,0.1156892328
129,CTAGGAATCTGGCCCATAGAAGGAAACTTCTATGGGCCTGTGTCCTAG,((((((....((((((((((((....))))))))))))....)))))),CUAGGAUAUGGAAGCGCGUCGGGAACGACGACGCUUCCUAAGUCCUAG,(((((((..((((((((((((....))))).)))))))...))))))),-10.1505998194,0.0733437847,0.1038312908
130,CTAGGAATCTGGCCCATAGAAGGAAACTTCTATGGGCCTGTGTCCTAG,((((((....((((((((((((....))))))))))))....)))))),CUAGGAUAUGGAACCGCGUCGGGAACGACGACGGUUCCUAAGUCCUAG,(((((((..((((((((((((....))))).)))))))...))))))),-10.5650511291,0.0864405582,0.0573363202
131,CTAGGAATCTGGCCCATAGAAGGAAACTTCTATGGGCCTGTGTCCTAG,((((((....((((((((((((....))))))))))))....)))))),CUAGGAUAUGGAAGACGACGCGGGAACGCGCGUCUUCCUAAGUCCUAG,(((((((..((((((((.((((....))))))))))))...))))))),-10.5033194194,0.1648412814,0.2311114067
132,CTAGGAATCTGGCCCATAGAAGGAAACTTCTATGGGCCTGTGTCCTAG,((((((....((((((((((((....))))))))))))....)))))),CUAGGAUAUGGAAGCGACGGCGGGAACGCCGCGCUUCCUAAGUCCUAG,(((((((..(((((((.(((((....))))))))))))...))))))),-10.5052204608,0.0619671337,0.0728337186
133,CTAGGAATCTGGCCCATAGAAGGAAACTTCTATGGGCCTGTGTCCTAG,((((((....((((((((((((....))))))))))))....)))))),CUAGGAUAUGGAAGACGCGCGGGAACGCGACGUCUUCCUAAGUCCUAG,(((((((..((((((((((((....)))).))))))))...))))))),-9.67825529375,0.14345125806,0.10316138673
134,CTAGGAATCTGGCCCATAGAAGGAAACTTCTATGGGCCTGTGTCCTAG,((((((....((((((((((((....))))))))))))....)))))),CUAGGAUAUGGAAGCCGCGCGGGAACGCGACGGCUUCCUAAGUCCUAG,(((((((..((((((((((((....)))).))))))))...))))))),-10.0109310132,0.44708274,0.11989427389
135,CTAGGAATCTGGCCCATAGAAGGAAACTTCTATGGGCCTGTGTCCTAG,((((((....((((((((((((....))))))))))))....)))))),CUAGGAUAUGGAAGCGACGCUCGGGAACGAGCGCGCUUCCUAAGUCCUAG,(((((((..(((((((.((((((....)))))))))))))...))))))),-7.04026376788,0.41818327116,0.40177141946
136,CTAGGAATCTGGCCCATAGAAGGAAACTTCTATGGGCCTGTGTCCTAG,((((((....((((((((((((....))))))))))))....)))))),CUAGGAUAUGGAAGCGACGGUCGGGAACGACCGCGCUUCCUAAGUCCUAG,(((((((..(((((((.((((((....)))))))))))))...))))))),-7.4435398512,0.4972613638,0.28671265043
137,CTAGGAATCTGGCCCATAGAAGGAAACTTCTATGGGCCTGTGTCCTAG,((((((....((((((((((((....))))))))))))....)))))),CUAGGAUAUGGAAGCGCGCUCGGGAACGAGCGACGCUUCCUAAGUCCUAG,(((((((..(((((((((((((....)))))).)))))))...))))))),-7.25777493476,0.34391991354,0.34629927709
138,CTAGGAATCTGGCCCATAGAAGGAAACTTCTATGGGCCTGTGTCCTAG,((((((....((((((((((((....))))))))))))....)))))),CUAGGAUAUGGAAGCCGCGUCGGGAACGACGACGGCUUCCUAAGUCCUAG,(((((((..(((((((((((((....))))).))))))))...))))))),-7.36317626667,0.28299324398,0.30814624422
139,CTAGGAATCTGGCCCATAGAAGGAAACTTCTATGGGCCTGTGTCCTAG,((((((....((((((((((((....))))))))))))....)))))),CUAGGAUAUGGAAGACGACGCUCGGGAACGAGCGCGUCUUCCUAAGUCCUAG,(((((((..((((((((.((((((....))))))))))))))...))))))),-5.99942731033,0.6458710229,1.03657155106
141,CTAGGAATCTGGCCCATAGAAGGAAACTTCTATGGGCCTGTGTCCTAG,((((((....((((((((((((....))))))))))))....)))))),CUAGGAUAUGGAAGACGCGCUCGGGAACGAGCGACGUCUUCCUAAGUCCUAG,(((((((..((((((((((((((....)))))).))))))))...))))))),-4.9628557739,0.95971885822,4.10299998421e-08
142,CTAGGAATCTGGCCCATAGAAGGAAACTTCTATGGGCCTGTGTCCTAG,((((((....((((((((((((....))))))))))))....)))))),CUAGGAUAUGGAAGCCGCGCUCGGGAACGAGCGACGGCUUCCUAAGUCCUAG,(((((((..((((((((((((((....)))))).))))))))...))))))),-5.44265451512,1.98690507259,0.47979695857
143,CTAGGAATCTGGAAGACCGAGGAAACTCGGTCTTCCTGTGTCCTAG,((((((....(((((((((((....)))))))))))....)))))),CUAGGAUAUGGAACGACGCGGGAACGCGCGUUCCUAAGUCCUAG,(((((((..((((((.((((....))))))))))...))))))),-7.06123321411,0.45235401963,0.97065619481
144,CTAGGAATCTGGAAGACCGAGGAAACTCGGTCTTCCTGTGTCCTAG,((((((....(((((((((((....)))))))))))....)))))),CUAGGAUAUGGACGACGGCGGGAACGCCGCGUCCUAAGUCCUAG,(((((((..(((((.(((((....))))))))))...))))))),-7.26428738398,0.32261926093,0.32341986554
145,CTAGGAATCTGGAAGACCGAGGAAACTCGGTCTTCCTGTGTCCTAG,((((((....(((((((((((....)))))))))))....)))))),CUAGGAUAUGGAACGCGCGGGAACGCGACGUUCCUAAGUCCUAG,(((((((..((((((((((....)))).))))))...))))))),-7.49049909455,0.25975195277,0.224344236
146,CTAGGAATCTGGAAGACCGAGGAAACTCGGTCTTCCTGTGTCCTAG,((((((....(((((((((((....)))))))))))....)))))),CUAGGAUAUGGACCGCGCGGGAACGCGACGGUCCUAAGUCCUAG,(((((((..((((((((((....)))).))))))...))))))),-7.52115912141,0.37153441321,0.35810131698
147,CTAGGAATCTGGAAGACCGAGGAAACTCGGTCTTCCTGTGTCCTAG,((((((....(((((((((((....)))))))))))....)))))),CUAGGAUAUGGACGACGCUCGGGAACGAGCGCGUCCUAAGUCCUAG,(((((((..(((((.((((((....)))))))))))...))))))),-9.9233538639,0.08705413354,0.11290018933
148,CTAGGAATCTGGAAGACCGAGGAAACTCGGTCTTCCTGTGTCCTAG,((((((....(((((((((((....)))))))))))....)))))),CUAGGAUAUGGACGACGGUCGGGAACGACCGCGUCCUAAGUCCUAG,(((((((..(((((.((((((....)))))))))))...))))))),-10.0603552316,0.14373288031,0.15221945753
149,CTAGGAATCTGGAAGACCGAGGAAACTCGGTCTTCCTGTGTCCTAG,((((((....(((((((((((....)))))))))))....)))))),CUAGGAUAUGGACGCGCUCGGGAACGAGCGACGUCCUAAGUCCUAG,(((((((..(((((((((((....)))))).)))))...))))))),-10.0446864315,0.21570295332,0.13864103856
150,CTAGGAATCTGGAAGACCGAGGAAACTCGGTCTTCCTGTGTCCTAG,((((((....(((((((((((....)))))))))))....)))))),CUAGGAUAUGGACCGCGUCGGGAACGACGACGGUCCUAAGUCCUAG,(((((((..(((((((((((....))))).))))))...))))))),-10.2276650318,0.10581905329,0.10361056132
151,CTAGGAATCTGGAAGACCGAGGAAACTCGGTCTTCCTGTGTCCTAG,((((((....(((((((((((....)))))))))))....)))))),CUAGGAUAUGGAACGACGUCGGGAACGACGCGUUCCUAAGUCCUAG,(((((((..((((((.(((((....)))))))))))...))))))),-10.1574835643,0.11200365778,0.07847075885
153,CTAGGAATCTGGAAGACCGAGGAAACTCGGTCTTCCTGTGTCCTAG,((((((....(((((((((((....)))))))))))....)))))),CUAGGAUAUGGAACGCGUCGGGAACGACGACGUUCCUAAGUCCUAG,(((((((..(((((((((((....))))).))))))...))))))),-10.4316225946,0.1163838126,0.1743240193
154,CTAGGAATCTGGAAGACCGAGGAAACTCGGTCTTCCTGTGTCCTAG,((((((....(((((((((((....)))))))))))....)))))),CUAGGAUAUGGAACCGCGCGGGAACGCGACGGUUCCUAAGUCCUAG,(((((((..(((((((((((....)))).)))))))...))))))),-10.2382377272,0.38604083599,0.21025833468
155,CTAGGAATCTGGAAGACCGAGGAAACTCGGTCTTCCTGTGTCCTAG,((((((....(((((((((((....)))))))))))....)))))),CUAGGAUAUGGAAGCGACGCGGGAACGCGCGCUUCCUAAGUCCUAG,(((((((..(((((((.((((....)))))))))))...))))))),-9.97794986405,0.07128616291,0.13966034122
156,CTAGGAATCTGGAAGACCGAGGAAACTCGGTCTTCCTGTGTCCTAG,((((((....(((((((((((....)))))))))))....)))))),CUAGGAUAUGGAAGCGACGGGGGAACCCGCGCUUCCUAAGUCCUAG,(((((((..(((((((.((((....)))))))))))...))))))),-10.1355741814,0.13652449743,0.14663829211
157,CTAGGAATCTGGAAGACCGAGGAAACTCGGTCTTCCTGTGTCCTAG,((((((....(((((((((((....)))))))))))....)))))),CUAGGAUAUGGAAGCGCGCGGGAACGCGACGCUUCCUAAGUCCUAG,(((((((..(((((((((((....)))).)))))))...))))))),-10.2586970043,0.0913264006,0.08393574453
158,CTAGGAATCTGGAAGACCGAGGAAACTCGGTCTTCCTGTGTCCTAG,((((((....(((((((((((....)))))))))))....)))))),CUAGGAUAUGGAAGCCGCGGGGAACCGACGGCUUCCUAAGUCCUAG,(((((((..(((((((((((....))).))))))))...))))))),-10.4618233671,0.1570158421,0.0730847154
159,CTAGGAATCTGGAAGACCGAGGAAACTCGGTCTTCCTGTGTCCTAG,((((((....(((((((((((....)))))))))))....)))))),CUAGGAUAUGGAACGACGCUCGGGAACGAGCGCGUUCCUAAGUCCUAG,(((((((..((((((.((((((....))))))))))))...))))))),-7.46037294668,0.17218885251,0.17587854501
162,CTAGGAATCTGGAAGACCGAGGAAACTCGGTCTTCCTGTGTCCTAG,((((((....(((((((((((....)))))))))))....)))))),CUAGGAUAUGGACCGCGCUCGGGAACGAGCGACGGUCCUAAGUCCUAG,(((((((..((((((((((((....)))))).))))))...))))))),-8.25121090459,0.38145005748,0.31893090273
163,CTAGGAATCTGGAAGACCGAGGAAACTCGGTCTTCCTGTGTCCTAG,((((((....(((((((((((....)))))))))))....)))))),CUAGGAUAUGGAAGCGACGUCGGGAACGACGCGCUUCCUAAGUCCUAG,(((((((..(((((((.(((((....))))))))))))...))))))),-7.08665623061,0.41279850623,0.2686440863
164,CTAGGAATCTGGAAGACCGAGGAAACTCGGTCTTCCTGTGTCCTAG,((((((....(((((((((((....)))))))))))....)))))),CUAGGAUAUGGAACGACGGUCGGGAACGACCGCGUUCCUAAGUCCUAG,(((((((..((((((.((((((....))))))))))))...))))))),-7.92421637406,0.19642487302,0.38569472529
165,CTAGGAATCTGGAAGACCGAGGAAACTCGGTCTTCCTGTGTCCTAG,((((((....(((((((((((....)))))))))))....)))))),CUAGGAUAUGGAAGCGCGUCGGGAACGACGACGCUUCCUAAGUCCUAG,(((((((..((((((((((((....))))).)))))))...))))))),-7.64664622474,0.35049220616,0.20052591441
166,CTAGGAATCTGGAAGACCGAGGAAACTCGGTCTTCCTGTGTCCTAG,((((((....(((((((((((....)))))))))))....)))))),CUAGGAUAUGGAACCGCGUCGGGAACGACGACGGUUCCUAAGUCCUAG,(((((((..((((((((((((....))))).)))))))...))))))),-7.71646650324,0.18357780007,0.23472366598
167,CTAGGAATCTGGAAGACCGAGGAAACTCGGTCTTCCTGTGTCCTAG,((((((....(((((((((((....)))))))))))....)))))),CUAGGAUAUGGAAGACGACGCGGGAACGCGCGUCUUCCUAAGUCCUAG,(((((((..((((((((.((((....))))))))))))...))))))),-7.96010796385,0.29613356032,0.31736028476
168,CTAGGAATCTGGAAGACCGAGGAAACTCGGTCTTCCTGTGTCCTAG,((((((....(((((((((((....)))))))))))....)))))),CUAGGAUAUGGAAGCGACGGCGGGAACGCCGCGCUUCCUAAGUCCUAG,(((((((..(((((((.(((((....))))))))))))...))))))),-7.8151082984,0.22251324474,0.24327552174
169,CTAGGAATCTGGAAGACCGAGGAAACTCGGTCTTCCTGTGTCCTAG,((((((....(((((((((((....)))))))))))....)))))),CUAGGAUAUGGAAGACGCGCGGGAACGCGACGUCUUCCUAAGUCCUAG,(((((((..((((((((((((....)))).))))))))...))))))),-7.35702431113,0.23217232232,0.20577991679
170,CTAGGAATCTGGAAGACCGAGGAAACTCGGTCTTCCTGTGTCCTAG,((((((....(((((((((((....)))))))))))....)))))),CUAGGAUAUGGAAGCCGCGCGGGAACGCGACGGCUUCCUAAGUCCUAG,(((((((..((((((((((((....)))).))))))))...))))))),-7.33882085384,0.41876126891,0.27086491697
172,CTAGGAATCTGGAAGACCGAGGAAACTCGGTCTTCCTGTGTCCTAG,((((((....(((((((((((....)))))))))))....)))))),CUAGGAUAUGGAAGCGACGGUCGGGAACGACCGCGCUUCCUAAGUCCUAG,(((((((..(((((((.((((((....)))))))))))))...))))))),-6.20798249023,0.51150337914,0.65126664682
173,CTAGGAATCTGGAAGACCGAGGAAACTCGGTCTTCCTGTGTCCTAG,((((((....(((((((((((....)))))))))))....)))))),CUAGGAUAUGGAAGCGCGCUCGGGAACGAGCGACGCUUCCUAAGUCCUAG,(((((((..(((((((((((((....)))))).)))))))...))))))),-6.44508532477,0.2956966137,0.68438905427
175,CTAGGAATCTGGAAGACCGAGGAAACTCGGTCTTCCTGTGTCCTAG,((((((....(((((((((((....)))))))))))....)))))),CUAGGAUAUGGAAGACGACGCUCGGGAACGAGCGCGUCUUCCUAAGUCCUAG,(((((((..((((((((.((((((....))))))))))))))...))))))),-5.20287022794,1.19669555761,1.44950700003e-05
